symbol,Code,Name,Sector,date
SPXL,SPXL,SPXL,Finance,2019-12-1
LABU,LABU,LABU,Finance,2019-12-1
LABD,LABD,LABD,Finance,2019-12-1
SCYX,SCYX,SCYX,Biotechnology,2019-12-1
ADXS,ADXS,ADXS,Biotechnology,2019-12-1
GNCA,GNCA,GNCA,Biotechnology,2019-12-1
ZYNE,ZYNE,ZYNE,Biotechnology,2019-12-1
LPCN,LPCN,Lipocine,Biotechnology,2019-12-1
ALDX,ALDX,ALDX,Biotechnology,2019-12-1
MYOV,MYOV,MYOV,Biotechnology,2019-12-1
WIFI,WIFI,WIFI,Technology,2019-12-1
CONN,CONN,CONN,Retail,2019-12-1
